epiweek,cases,incidence,sin,cos,trend,sin26,cos26
2017-W01,0,0.0,0.12053668025532305,0.992708874098054,-0.2345,0.23931566428755774,0.970941817426052
2017-W02,0,0.0,0.23931566428755774,0.970941817426052,-0.2335,0.4647231720437685,0.8854560256532099
2017-W03,0,0.0,0.3546048870425356,0.9350162426854148,-0.2325,0.6631226582407952,0.7485107481711011
2017-W04,1,0.0033057851239669425,0.4647231720437685,0.8854560256532099,-0.2315,0.8229838658936564,0.5680647467311559
2017-W05,2,0.006611570247933885,0.5680647467311558,0.8229838658936564,-0.2305,0.9350162426854148,0.35460488704253557
2017-W06,1,0.0033057851239669425,0.6631226582407952,0.7485107481711011,-0.2295,0.992708874098054,0.120536680255323
2017-W07,0,0.0,0.7485107481711011,0.6631226582407953,-0.2285,0.992708874098054,-0.12053668025532288
2017-W08,0,0.0,0.8229838658936564,0.5680647467311559,-0.2275,0.9350162426854148,-0.35460488704253545
2017-W09,0,0.0,0.8854560256532099,0.4647231720437686,-0.2265,0.8229838658936565,-0.5680647467311557
2017-W10,1,0.0033057851239669425,0.9350162426854148,0.35460488704253557,-0.2255,0.6631226582407952,-0.7485107481711012
2017-W11,2,0.006611570247933885,0.970941817426052,0.23931566428755804,-0.2245,0.46472317204376906,-0.8854560256532096
2017-W12,0,0.0,0.992708874098054,0.120536680255323,-0.2235,0.23931566428755768,-0.970941817426052
2017-W13,0,0.0,1.0,-1.6081226496766364e-16,-0.2225,-3.216245299353273e-16,-1.0
2017-W14,0,0.0,0.992708874098054,-0.12053668025532288,-0.2215,-0.23931566428755743,-0.9709418174260521
2017-W15,1,0.0033057851239669425,0.9709418174260521,-0.2393156642875575,-0.2205,-0.46472317204376806,-0.8854560256532101
2017-W16,1,0.0033057851239669425,0.9350162426854148,-0.35460488704253545,-0.2195,-0.663122658240795,-0.7485107481711013
2017-W17,2,0.006611570247933885,0.8854560256532099,-0.4647231720437685,-0.2185,-0.8229838658936564,-0.5680647467311559
2017-W18,0,0.0,0.8229838658936565,-0.5680647467311557,-0.2175,-0.9350162426854147,-0.3546048870425359
2017-W19,0,0.0,0.7485107481711013,-0.663122658240795,-0.2165,-0.992708874098054,-0.12053668025532357
2017-W20,0,0.0,0.6631226582407952,-0.7485107481711012,-0.2155,-0.992708874098054,0.1205366802553232
2017-W21,0,0.0,0.5680647467311558,-0.8229838658936564,-0.2145,-0.9350162426854148,0.35460488704253557
2017-W22,0,0.0,0.46472317204376906,-0.8854560256532096,-0.2135,-0.822983865893657,0.5680647467311548
2017-W23,3,0.009917355371900827,0.35460488704253584,-0.9350162426854147,-0.2125,-0.6631226582407955,0.7485107481711007
2017-W24,1,0.0033057851239669425,0.23931566428755768,-0.970941817426052,-0.2115,-0.4647231720437684,0.88545602565321
2017-W25,2,0.006611570247933885,0.12053668025532308,-0.992708874098054,-0.2105,-0.2393156642875578,0.970941817426052
2017-W26,0,0.0,-3.216245299353273e-16,-1.0,-0.2095,6.432490598706546e-16,1.0
2017-W27,2,0.006611570247933885,-0.12053668025532283,-0.992708874098054,-0.2085,0.23931566428755732,0.9709418174260521
2017-W28,1,0.0033057851239669425,-0.23931566428755743,-0.9709418174260521,-0.2075,0.46472317204376795,0.8854560256532102
2017-W29,0,0.0,-0.3546048870425356,-0.9350162426854148,-0.2065,0.6631226582407952,0.7485107481711011
2017-W30,0,0.0,-0.46472317204376806,-0.8854560256532101,-0.2055,0.8229838658936558,0.5680647467311567
2017-W31,1,0.0033057851239669425,-0.5680647467311556,-0.8229838658936565,-0.2045,0.9350162426854147,0.354604887042536
2017-W32,1,0.0033057851239669425,-0.663122658240795,-0.7485107481711013,-0.2035,0.9927088740980539,0.12053668025532369
2017-W33,0,0.0,-0.7485107481711011,-0.6631226582407952,-0.2025,0.992708874098054,-0.12053668025532309
2017-W34,0,0.0,-0.8229838658936564,-0.5680647467311559,-0.2015,0.9350162426854148,-0.35460488704253545
2017-W35,1,0.0033057851239669425,-0.8854560256532096,-0.4647231720437691,-0.2005,0.8229838658936571,-0.5680647467311547
2017-W36,2,0.006611570247933885,-0.9350162426854147,-0.3546048870425359,-0.1995,0.6631226582407956,-0.7485107481711006
2017-W37,2,0.006611570247933885,-0.970941817426052,-0.23931566428755774,-0.1985,0.4647231720437685,-0.8854560256532099
2017-W38,3,0.009917355371900827,-0.992708874098054,-0.12053668025532357,-0.1975,0.23931566428755877,-0.9709418174260518
2017-W39,1,0.0033057851239669425,-1.0,-1.8369701987210297e-16,-0.1965,3.6739403974420594e-16,-1.0
2017-W40,0,0.0,-0.992708874098054,0.1205366802553232,-0.1955,-0.23931566428755807,-0.9709418174260519
2017-W41,1,0.0033057851239669425,-0.9709418174260521,0.23931566428755738,-0.1945,-0.46472317204376784,-0.8854560256532102
2017-W42,0,0.0,-0.9350162426854148,0.35460488704253557,-0.1935,-0.6631226582407951,-0.7485107481711012
2017-W43,0,0.0,-0.8854560256532101,0.464723172043768,-0.1925,-0.8229838658936557,-0.5680647467311568
2017-W44,1,0.0033057851239669425,-0.822983865893657,0.5680647467311548,-0.1915,-0.935016242685414,-0.3546048870425378
2017-W45,0,0.0,-0.7485107481711011,0.6631226582407952,-0.1905,-0.992708874098054,-0.12053668025532294
2017-W46,2,0.006611570247933885,-0.6631226582407955,0.7485107481711007,-0.1895,-0.9927088740980541,0.12053668025532208
2017-W47,2,0.006611570247933885,-0.5680647467311559,0.8229838658936564,-0.1885,-0.9350162426854149,0.35460488704253534
2017-W48,0,0.0,-0.4647231720437684,0.88545602565321,-0.1875,-0.8229838658936561,0.5680647467311561
2017-W49,0,0.0,-0.35460488704253595,0.9350162426854147,-0.1865,-0.6631226582407957,0.7485107481711006
2017-W50,0,0.0,-0.2393156642875578,0.970941817426052,-0.1855,-0.4647231720437686,0.8854560256532099
2017-W51,1,0.0033057851239669425,-0.12053668025532363,0.992708874098054,-0.1845,-0.2393156642875589,0.9709418174260518
2017-W52,0,0.0,6.432490598706546e-16,1.0,-0.1835,1.2864981197413093e-15,1.0
2018-W01,0,0.0,0.12053668025532314,0.992708874098054,-0.1825,0.23931566428755793,0.970941817426052
2018-W02,0,0.0,0.23931566428755732,0.9709418174260521,-0.1815,0.46472317204376773,0.8854560256532104
2018-W03,0,0.0,0.3546048870425355,0.9350162426854148,-0.1805,0.663122658240795,0.7485107481711013
2018-W04,0,0.0,0.46472317204376795,0.8854560256532102,-0.1795,0.8229838658936556,0.5680647467311569
2018-W05,0,0.0,0.5680647467311555,0.8229838658936566,-0.1785,0.9350162426854146,0.35460488704253623
2018-W06,0,0.0,0.6631226582407952,0.7485107481711011,-0.1775,0.992708874098054,0.12053668025532305
2018-W07,1,0.0033057851239669425,0.7485107481711007,0.6631226582407956,-0.1765,0.9927088740980541,-0.12053668025532197
2018-W08,1,0.0033057851239669425,0.8229838658936558,0.5680647467311567,-0.1755,0.9350162426854156,-0.35460488704253357
2018-W09,1,0.0033057851239669425,0.8854560256532099,0.46472317204376845,-0.1745,0.8229838658936562,-0.568064746731156
2018-W10,0,0.0,0.9350162426854147,0.354604887042536,-0.1735,0.6631226582407959,-0.7485107481711005
2018-W11,1,0.0033057851239669425,0.970941817426052,0.23931566428755785,-0.1725,0.46472317204376873,-0.8854560256532098
2018-W12,0,0.0,0.9927088740980539,0.12053668025532369,-0.1715,0.23931566428755902,-0.9709418174260517
2018-W13,0,0.0,1.0,3.061616997868383e-16,-0.1705,6.123233995736766e-16,-1.0
2018-W14,0,0.0,0.992708874098054,-0.12053668025532309,-0.1695,-0.23931566428755782,-0.970941817426052
2018-W15,1,0.0033057851239669425,0.9709418174260519,-0.23931566428755813,-0.1685,-0.4647231720437692,-0.8854560256532096
2018-W16,0,0.0,0.9350162426854148,-0.35460488704253545,-0.1675,-0.663122658240795,-0.7485107481711013
2018-W17,2,0.006611570247933885,0.8854560256532102,-0.4647231720437679,-0.1665,-0.8229838658936556,-0.568064746731157
2018-W18,1,0.0033057851239669425,0.8229838658936571,-0.5680647467311547,-0.1655,-0.935016242685414,-0.354604887042538
2018-W19,0,0.0,0.7485107481711012,-0.6631226582407952,-0.1645,-0.992708874098054,-0.12053668025532317
2018-W20,1,0.0033057851239669425,0.6631226582407956,-0.7485107481711006,-0.1635,-0.9927088740980542,0.12053668025532184
2018-W21,0,0.0,0.5680647467311568,-0.8229838658936557,-0.1625,-0.9350162426854156,0.35460488704253346
2018-W22,1,0.0033057851239669425,0.4647231720437685,-0.8854560256532099,-0.1615,-0.8229838658936564,0.5680647467311559
2018-W23,0,0.0,0.35460488704253607,-0.9350162426854146,-0.1605,-0.663122658240796,0.7485107481711004
2018-W24,0,0.0,0.23931566428755877,-0.9709418174260518,-0.1595,-0.4647231720437704,0.8854560256532089
2018-W25,0,0.0,0.12053668025532287,-0.992708874098054,-0.1585,-0.2393156642875574,0.9709418174260521
2018-W26,2,0.006611570247933885,3.6739403974420594e-16,-1.0,-0.1575,-7.347880794884119e-16,1.0
2018-W27,0,0.0,-0.12053668025532391,-0.9927088740980539,-0.1565,0.23931566428755943,0.9709418174260516
2018-W28,0,0.0,-0.23931566428755807,-0.9709418174260519,-0.1555,0.46472317204376906,0.8854560256532096
2018-W29,1,0.0033057851239669425,-0.3546048870425354,-0.9350162426854149,-0.1545,0.6631226582407949,0.7485107481711014
2018-W30,1,0.0033057851239669425,-0.46472317204376784,-0.8854560256532102,-0.1535,0.8229838658936555,0.5680647467311571
2018-W31,0,0.0,-0.5680647467311561,-0.8229838658936561,-0.1525,0.9350162426854152,0.35460488704253484
2018-W32,1,0.0033057851239669425,-0.6631226582407951,-0.7485107481711012,-0.1515,0.992708874098054,0.1205366802553233
2018-W33,0,0.0,-0.7485107481711006,-0.6631226582407957,-0.1505,0.9927088740980542,-0.12053668025532172
2018-W34,1,0.0033057851239669425,-0.8229838658936557,-0.5680647467311568,-0.1495,0.9350162426854157,-0.35460488704253335
2018-W35,2,0.006611570247933885,-0.885456025653209,-0.4647231720437701,-0.1485,0.8229838658936585,-0.5680647467311529
2018-W36,1,0.0033057851239669425,-0.935016242685414,-0.3546048870425378,-0.1475,0.6631226582407986,-0.748510748171098
2018-W37,2,0.006611570247933885,-0.9709418174260522,-0.2393156642875571,-0.1465,0.46472317204376734,-0.8854560256532106
2018-W38,1,0.0033057851239669425,-0.992708874098054,-0.12053668025532294,-0.1455,0.23931566428755752,-0.9709418174260521
2018-W39,3,0.009917355371900827,-1.0,-4.286263797015736e-16,-0.1445,8.572527594031472e-16,-1.0
2018-W40,0,0.0,-0.9927088740980541,0.12053668025532208,-0.1435,-0.23931566428755585,-0.9709418174260525
2018-W41,0,0.0,-0.9709418174260523,0.23931566428755627,-0.1425,-0.46472317204376584,-0.8854560256532114
2018-W42,0,0.0,-0.9350162426854149,0.35460488704253534,-0.1415,-0.6631226582407947,-0.7485107481711015
2018-W43,0,0.0,-0.8854560256532102,0.4647231720437678,-0.1405,-0.8229838658936555,-0.5680647467311573
2018-W44,0,0.0,-0.8229838658936561,0.5680647467311561,-0.1395,-0.935016242685415,-0.35460488704253496
2018-W45,0,0.0,-0.7485107481711012,0.6631226582407951,-0.1385,-0.992708874098054,-0.12053668025532342
2018-W46,0,0.0,-0.6631226582407957,0.7485107481711006,-0.1375,-0.9927088740980542,0.12053668025532159
2018-W47,0,0.0,-0.5680647467311554,0.8229838658936567,-0.1365,-0.9350162426854145,0.35460488704253657
2018-W48,0,0.0,-0.4647231720437686,0.8854560256532099,-0.1355,-0.8229838658936565,0.5680647467311557
2018-W49,0,0.0,-0.3546048870425362,0.9350162426854146,-0.1345,-0.6631226582407961,0.7485107481711003
2018-W50,0,0.0,-0.2393156642875589,0.9709418174260518,-0.1335,-0.4647231720437706,0.8854560256532088
2018-W51,0,0.0,-0.12053668025532475,0.9927088740980538,-0.1325,-0.2393156642875611,0.9709418174260512
2018-W52,0,0.0,1.2864981197413093e-15,1.0,-0.1315,2.5729962394826186e-15,1.0
2019-W01,0,0.0,0.12053668025532378,0.9927088740980539,-0.1305,0.23931566428755918,0.9709418174260517
2019-W02,0,0.0,0.23931566428755793,0.970941817426052,-0.1295,0.4647231720437689,0.8854560256532097
2019-W03,0,0.0,0.3546048870425353,0.9350162426854149,-0.1285,0.6631226582407946,0.7485107481711016
2019-W04,0,0.0,0.46472317204376773,0.8854560256532104,-0.1275,0.8229838658936554,0.5680647467311574
2019-W05,0,0.0,0.5680647467311546,0.8229838658936572,-0.1265,0.9350162426854138,0.3546048870425384
2019-W06,0,0.0,0.663122658240795,0.7485107481711013,-0.1255,0.992708874098054,0.12053668025532353
2019-W07,0,0.0,0.7485107481711005,0.6631226582407957,-0.1245,0.9927088740980542,-0.12053668025532148
2019-W08,0,0.0,0.8229838658936556,0.5680647467311569,-0.1235,0.9350162426854158,-0.3546048870425331
2019-W09,0,0.0,0.8854560256532098,0.4647231720437687,-0.1225,0.8229838658936566,-0.5680647467311556
2019-W10,0,0.0,0.9350162426854146,0.35460488704253623,-0.1215,0.6631226582407962,-0.7485107481711002
2019-W11,0,0.0,0.9709418174260521,0.23931566428755724,-0.1205,0.46472317204376756,-0.8854560256532104
2019-W12,0,0.0,0.992708874098054,0.12053668025532305,-0.1195,0.23931566428755777,-0.970941817426052
2019-W13,0,0.0,1.0,5.51091059616309e-16,-0.1185,1.102182119232618e-15,-1.0
2019-W14,0,0.0,0.9927088740980541,-0.12053668025532197,-0.1175,-0.23931566428755563,-0.9709418174260526
2019-W15,0,0.0,0.9709418174260525,-0.23931566428755616,-0.1165,-0.4647231720437656,-0.8854560256532115
2019-W16,0,0.0,0.9350162426854156,-0.35460488704253357,-0.1155,-0.6631226582407919,-0.748510748171104
2019-W17,0,0.0,0.8854560256532096,-0.46472317204376923,-0.1145,-0.8229838658936574,-0.5680647467311545
2019-W18,1,0.0033057851239669425,0.8229838658936562,-0.568064746731156,-0.1135,-0.9350162426854149,-0.3546048870425352
2019-W19,0,0.0,0.7485107481711013,-0.663122658240795,-0.1125,-0.992708874098054,-0.12053668025532366
2019-W20,0,0.0,0.6631226582407959,-0.7485107481711005,-0.1115,-0.9927088740980542,0.12053668025532135
2019-W21,0,0.0,0.5680647467311569,-0.8229838658936556,-0.1105,-0.9350162426854158,0.354604887042533
2019-W22,0,0.0,0.46472317204376873,-0.8854560256532098,-0.1095,-0.8229838658936566,0.5680647467311555
2019-W23,0,0.0,0.3546048870425363,-0.9350162426854146,-0.1085,-0.6631226582407963,0.7485107481711001
2019-W24,0,0.0,0.23931566428755902,-0.9709418174260517,-0.1075,-0.46472317204377084,0.8854560256532087
2019-W25,0,0.0,0.12053668025532488,-0.9927088740980538,-0.1065,-0.23931566428756135,0.9709418174260511
2019-W26,0,0.0,6.123233995736766e-16,-1.0,-0.1055,-1.2246467991473533e-15,1.0
2019-W27,0,0.0,-0.12053668025532366,-0.992708874098054,-0.1045,0.23931566428755896,0.9709418174260517
2019-W28,0,0.0,-0.23931566428755782,-0.970941817426052,-0.1035,0.4647231720437687,0.8854560256532098
2019-W29,0,0.0,-0.3546048870425352,-0.9350162426854149,-0.1025,0.6631226582407944,0.7485107481711017
2019-W30,0,0.0,-0.4647231720437692,-0.8854560256532096,-0.1015,0.8229838658936572,0.5680647467311546
2019-W31,0,0.0,-0.5680647467311545,-0.8229838658936574,-0.1005,0.9350162426854137,0.3546048870425386
2019-W32,1,0.0033057851239669425,-0.663122658240795,-0.7485107481711013,-0.0995,0.9927088740980539,0.12053668025532378
2019-W33,3,0.009917355371900827,-0.7485107481711016,-0.6631226582407945,-0.0985,0.9927088740980538,-0.12053668025532475
2019-W34,1,0.0033057851239669425,-0.8229838658936556,-0.568064746731157,-0.0975,0.9350162426854158,-0.3546048870425329
2019-W35,0,0.0,-0.8854560256532098,-0.4647231720437688,-0.0965,0.8229838658936567,-0.5680647467311554
2019-W36,1,0.0033057851239669425,-0.935016242685414,-0.354604887042538,-0.0955,0.6631226582407991,-0.7485107481710976
2019-W37,0,0.0,-0.9709418174260517,-0.23931566428755907,-0.0945,0.46472317204377095,-0.8854560256532087
2019-W38,1,0.0033057851239669425,-0.992708874098054,-0.12053668025532317,-0.0935,0.23931566428755802,-0.970941817426052
2019-W39,1,0.0033057851239669425,-1.0,1.1028010998692062e-15,-0.0925,-2.2056021997384123e-15,-1.0
2019-W40,0,0.0,-0.9927088740980542,0.12053668025532184,-0.0915,-0.23931566428755538,-0.9709418174260526
2019-W41,2,0.006611570247933885,-0.970941817426052,0.23931566428755777,-0.0905,-0.46472317204376856,-0.8854560256532099
2019-W42,3,0.009917355371900827,-0.9350162426854156,0.35460488704253346,-0.0895,-0.6631226582407918,-0.7485107481711042
2019-W43,1,0.0033057851239669425,-0.8854560256532104,0.46472317204376756,-0.0885,-0.8229838658936551,-0.5680647467311576
2019-W44,2,0.006611570247933885,-0.8229838658936564,0.5680647467311559,-0.0875,-0.9350162426854149,-0.3546048870425354
2019-W45,2,0.006611570247933885,-0.7485107481711025,0.6631226582407935,-0.0865,-0.9927088740980534,-0.12053668025532743
2019-W46,4,0.01322314049586777,-0.663122658240796,0.7485107481711004,-0.0855,-0.9927088740980542,0.1205366802553211
2019-W47,0,0.0,-0.5680647467311556,0.8229838658936566,-0.0845,-0.9350162426854146,0.35460488704253607
2019-W48,2,0.006611570247933885,-0.4647231720437704,0.8854560256532089,-0.0835,-0.8229838658936588,0.5680647467311524
2019-W49,0,0.0,-0.35460488704253645,0.9350162426854145,-0.0825,-0.6631226582407965,0.7485107481711
2019-W50,2,0.006611570247933885,-0.2393156642875574,0.9709418174260521,-0.0815,-0.4647231720437679,0.8854560256532102
2019-W51,2,0.006611570247933885,-0.120536680255325,0.9927088740980538,-0.0805,-0.23931566428756157,0.9709418174260511
2019-W52,0,0.0,-7.347880794884119e-16,1.0,-0.0795,-1.4695761589768238e-15,1.0
2020-W01,0,0.0,0.12053668025532001,0.9927088740980544,-0.0785,0.23931566428755183,0.9709418174260535
2020-W02,1,0.0033057851239669425,0.23931566428755943,0.9709418174260516,-0.0775,0.46472317204377156,0.8854560256532084
2020-W03,0,0.0,0.35460488704253507,0.935016242685415,-0.0765,0.6631226582407943,0.7485107481711019
2020-W04,2,0.006611570247933885,0.46472317204376906,0.8854560256532096,-0.0755,0.8229838658936571,0.5680647467311548
2020-W05,1,0.0033057851239669425,0.5680647467311544,0.8229838658936574,-0.0745,0.9350162426854136,0.35460488704253884
2020-W06,1,0.0033057851239669425,0.6631226582407949,0.7485107481711014,-0.0735,0.9927088740980539,0.12053668025532402
2020-W07,1,0.0033057851239669425,0.7485107481710992,0.6631226582407973,-0.0725,0.9927088740980546,-0.12053668025531745
2020-W08,0,0.0,0.8229838658936555,0.5680647467311571,-0.0715,0.9350162426854159,-0.3546048870425326
2020-W09,0,0.0,0.885456025653208,0.464723172043772,-0.0705,0.8229838658936608,-0.5680647467311494
2020-W10,1,0.0033057851239669425,0.9350162426854152,0.35460488704253484,-0.0695,0.663122658240794,-0.7485107481711022
2020-W11,1,0.0033057851239669425,0.9709418174260526,0.23931566428755574,-0.0685,0.46472317204376484,-0.8854560256532118
2020-W12,0,0.0,0.992708874098054,0.1205366802553233,-0.0675,0.23931566428755824,-0.9709418174260519
2020-W13,0,0.0,1.0,-9.803364199544708e-16,-0.0665,-1.9606728399089416e-15,-1.0
2020-W14,1,0.0033057851239669425,0.9927088740980542,-0.12053668025532172,-0.0655,-0.23931566428755516,-0.9709418174260527
2020-W15,1,0.0033057851239669425,0.970941817426052,-0.23931566428755766,-0.0645,-0.46472317204376834,-0.88545602565321
2020-W16,0,0.0,0.9350162426854157,-0.35460488704253335,-0.0635,-0.6631226582407915,-0.7485107481711043
2020-W17,0,0.0,0.8854560256532105,-0.46472317204376745,-0.0625,-0.822983865893655,-0.5680647467311578
2020-W18,0,0.0,0.8229838658936585,-0.5680647467311529,-0.0615,-0.9350162426854123,-0.3546048870425423
2020-W19,2,0.006611570247933885,0.7485107481711026,-0.6631226582407934,-0.0605,-0.9927088740980534,-0.12053668025532767
2020-W20,0,0.0,0.6631226582407986,-0.748510748171098,-0.0595,-0.9927088740980551,0.1205366802553138
2020-W21,0,0.0,0.5680647467311557,-0.8229838658936565,-0.0585,-0.9350162426854147,0.35460488704253584
2020-W22,1,0.0033057851239669425,0.46472317204376734,-0.8854560256532106,-0.0575,-0.8229838658936549,0.568064746731158
2020-W23,0,0.0,0.35460488704253657,-0.9350162426854145,-0.0565,-0.6631226582407966,0.7485107481710997
2020-W24,1,0.0033057851239669425,0.23931566428755752,-0.9709418174260521,-0.0555,-0.4647231720437681,0.8854560256532101
2020-W25,0,0.0,0.12053668025532512,-0.9927088740980538,-0.0545,-0.23931566428756182,0.970941817426051
2020-W26,0,0.0,8.572527594031472e-16,-1.0,-0.0535,-1.7145055188062944e-15,1.0
2020-W27,0,0.0,-0.1205366802553199,-0.9927088740980544,-0.0525,0.23931566428755158,0.9709418174260536
2020-W28,0,0.0,-0.23931566428755585,-0.9709418174260525,-0.0515,0.46472317204376506,0.8854560256532117
2020-W29,0,0.0,-0.35460488704253496,-0.935016242685415,-0.0505,0.6631226582407941,0.7485107481711021
2020-W30,0,0.0,-0.46472317204376584,-0.8854560256532114,-0.0495,0.8229838658936529,0.5680647467311608
2020-W31,0,0.0,-0.5680647467311573,-0.8229838658936555,-0.0485,0.935016242685416,0.3546048870425324
2020-W32,3,0.009917355371900827,-0.6631226582407947,-0.7485107481711015,-0.0475,0.9927088740980539,0.12053668025532427
2020-W33,0,0.0,-0.7485107481711015,-0.6631226582407947,-0.0465,0.9927088740980539,-0.12053668025532427
2020-W34,0,0.0,-0.8229838658936555,-0.5680647467311573,-0.0455,0.935016242685416,-0.3546048870425324
2020-W35,1,0.0033057851239669425,-0.8854560256532097,-0.464723172043769,-0.0445,0.8229838658936569,-0.568064746731155
2020-W36,1,0.0033057851239669425,-0.935016242685415,-0.35460488704253496,-0.0435,0.6631226582407941,-0.7485107481711021
2020-W37,0,0.0,-0.9709418174260517,-0.23931566428755932,-0.0425,0.4647231720437714,-0.8854560256532085
2020-W38,0,0.0,-0.992708874098054,-0.12053668025532342,-0.0415,0.2393156642875585,-0.9709418174260519
2020-W39,0,0.0,-1.0,-2.6948419387607653e-15,-0.0405,5.3896838775215305e-15,-1.0
2020-W40,2,0.006611570247933885,-0.9927088740980542,0.12053668025532159,-0.0395,-0.2393156642875549,-0.9709418174260527
2020-W41,1,0.0033057851239669425,-0.9709418174260529,0.23931566428755408,-0.0385,-0.46472317204376185,-0.8854560256532135
2020-W42,0,0.0,-0.9350162426854145,0.35460488704253657,-0.0375,-0.6631226582407966,-0.7485107481710997
2020-W43,0,0.0,-0.8854560256532089,0.4647231720437705,-0.0365,-0.8229838658936589,-0.5680647467311521
2020-W44,1,0.0033057851239669425,-0.8229838658936565,0.5680647467311557,-0.0355,-0.9350162426854147,-0.35460488704253584
2020-W45,0,0.0,-0.7485107481711004,0.6631226582407961,-0.0345,-0.9927088740980543,-0.12053668025532087
2020-W46,0,0.0,-0.6631226582407961,0.7485107481711003,-0.0335,-0.9927088740980543,0.12053668025532062
2020-W47,0,0.0,-0.5680647467311558,0.8229838658936564,-0.0325,-0.9350162426854148,0.3546048870425356
2020-W48,0,0.0,-0.4647231720437706,0.8854560256532088,-0.0315,-0.822983865893659,0.5680647467311519
2020-W49,0,0.0,-0.3546048870425367,0.9350162426854144,-0.0305,-0.6631226582407969,0.7485107481710996
2020-W50,0,0.0,-0.2393156642875611,0.9709418174260512,-0.0295,-0.4647231720437746,0.8854560256532067
2020-W51,0,0.0,-0.12053668025532524,0.9927088740980538,-0.0285,-0.23931566428756204,0.970941817426051
2020-W52,0,0.0,2.5729962394826186e-15,1.0,-0.0275,5.145992478965237e-15,1.0
2020-W53,0,0.0,0.1205366802553233,0.992708874098054,-0.0265,0.23931566428755824,0.9709418174260519
2021-W01,1,0.0033057851239669425,0.23931566428755918,0.9709418174260517,-0.0255,0.46472317204377117,0.8854560256532086
2021-W02,0,0.0,0.35460488704253484,0.9350162426854152,-0.0245,0.663122658240794,0.7485107481711022
2021-W03,1,0.0033057851239669425,0.4647231720437689,0.8854560256532097,-0.0235,0.8229838658936568,0.5680647467311551
2021-W04,0,0.0,0.5680647467311541,0.8229838658936575,-0.0225,0.9350162426854134,0.3546048870425393
2021-W05,0,0.0,0.6631226582407946,0.7485107481711016,-0.0215,0.9927088740980539,0.12053668025532452
2021-W06,1,0.0033057851239669425,0.7485107481710991,0.6631226582407975,-0.0205,0.9927088740980547,-0.12053668025531697
2021-W07,1,0.0033057851239669425,0.8229838658936554,0.5680647467311574,-0.0195,0.9350162426854162,-0.3546048870425322
2021-W08,0,0.0,0.8854560256532079,0.4647231720437722,-0.0185,0.8229838658936611,-0.5680647467311489
2021-W09,0,0.0,0.9350162426854138,0.3546048870425384,-0.0175,0.6631226582407996,-0.7485107481710972
2021-W10,0,0.0,0.9709418174260525,0.239315664287556,-0.0165,0.4647231720437653,-0.8854560256532116
2021-W11,0,0.0,0.992708874098054,0.12053668025532353,-0.0155,0.2393156642875587,-0.9709418174260518
2021-W12,1,0.0033057851239669425,1.0,-7.354070601250002e-16,-0.0145,-1.4708141202500005e-15,-1.0
2021-W13,0,0.0,0.9927088740980542,-0.12053668025532148,-0.0135,-0.23931566428755469,-0.9709418174260528
2021-W14,0,0.0,0.9709418174260521,-0.2393156642875574,-0.0125,-0.4647231720437679,-0.8854560256532102
2021-W15,0,0.0,0.9350162426854158,-0.3546048870425331,-0.0115,-0.6631226582407912,-0.7485107481711046
2021-W16,0,0.0,0.8854560256532106,-0.46472317204376723,-0.0105,-0.8229838658936547,-0.5680647467311583
2021-W17,0,0.0,0.8229838658936566,-0.5680647467311556,-0.0095,-0.9350162426854146,-0.35460488704253607
2021-W18,0,0.0,0.7485107481711029,-0.6631226582407933,-0.0085,-0.9927088740980534,-0.12053668025532815
2021-W19,3,0.009917355371900827,0.6631226582407962,-0.7485107481711002,-0.0075,-0.9927088740980543,0.12053668025532038
2021-W20,1,0.0033057851239669425,0.5680647467311588,-0.8229838658936544,-0.0065,-0.9350162426854174,0.35460488704252874
2021-W21,0,0.0,0.46472317204376756,-0.8854560256532104,-0.0055,-0.8229838658936551,0.5680647467311576
2021-W22,1,0.0033057851239669425,0.3546048870425368,-0.9350162426854144,-0.0045,-0.6631226582407971,0.7485107481710995
2021-W23,1,0.0033057851239669425,0.23931566428755777,-0.970941817426052,-0.0035,-0.46472317204376856,0.8854560256532099
2021-W24,0,0.0,0.12053668025532184,-0.9927088740980542,-0.0025,-0.23931566428755538,0.9709418174260526
2021-W25,0,0.0,1.102182119232618e-15,-1.0,-0.0015,-2.204364238465236e-15,1.0
2021-W26,0,0.0,-0.12053668025532317,-0.992708874098054,-0.0005,0.23931566428755802,0.970941817426052
2021-W27,0,0.0,-0.23931566428755563,-0.9709418174260526,0.0005,0.4647231720437646,0.8854560256532119
2021-W28,0,0.0,-0.35460488704253473,-0.9350162426854152,0.0015,0.6631226582407937,0.7485107481711024
2021-W29,0,0.0,-0.4647231720437656,-0.8854560256532115,0.0025,0.8229838658936527,0.5680647467311613
2021-W30,0,0.0,-0.568064746731154,-0.8229838658936576,0.0035,0.9350162426854134,0.3546048870425395
2021-W31,0,0.0,-0.6631226582407919,-0.748510748171104,0.0045,0.992708874098053,0.1205366802553318
2021-W32,0,0.0,-0.7485107481711013,-0.663122658240795,0.0055,0.9927088740980539,-0.12053668025532378
2021-W33,1,0.0033057851239669425,-0.8229838658936574,-0.5680647467311545,0.0065,0.9350162426854137,-0.3546048870425386
2021-W34,0,0.0,-0.8854560256532096,-0.4647231720437692,0.0075,0.8229838658936572,-0.5680647467311546
2021-W35,0,0.0,-0.9350162426854149,-0.3546048870425352,0.0085,0.6631226582407944,-0.7485107481711017
2021-W36,0,0.0,-0.9709418174260516,-0.23931566428755954,0.0095,0.4647231720437718,-0.8854560256532081
2021-W37,0,0.0,-0.992708874098054,-0.12053668025532366,0.0105,0.23931566428755896,-0.9709418174260517
2021-W38,0,0.0,-1.0,-2.939771298590236e-15,0.0115,5.879542597180472e-15,-1.0
2021-W39,1,0.0033057851239669425,-0.9927088740980542,0.12053668025532135,0.0125,-0.23931566428755444,-0.9709418174260529
2021-W40,2,0.006611570247933885,-0.970941817426053,0.23931566428755385,0.0135,-0.4647231720437614,-0.8854560256532137
2021-W41,0,0.0,-0.9350162426854158,0.354604887042533,0.0145,-0.663122658240791,-0.7485107481711049
2021-W42,2,0.006611570247933885,-0.885456025653209,0.4647231720437703,0.0155,-0.8229838658936586,-0.5680647467311526
2021-W43,10,0.03305785123966942,-0.8229838658936566,0.5680647467311555,0.0165,-0.9350162426854146,-0.3546048870425363
2021-W44,1,0.0033057851239669425,-0.7485107481711005,0.6631226582407959,0.0175,-0.9927088740980542,-0.12053668025532135
2021-W45,2,0.006611570247933885,-0.6631226582407963,0.7485107481711001,0.0185,-0.9927088740980543,0.12053668025532013
2021-W46,1,0.0033057851239669425,-0.568064746731156,0.8229838658936562,0.0195,-0.9350162426854149,0.3546048870425352
2021-W47,1,0.0033057851239669425,-0.46472317204377084,0.8854560256532087,0.0205,-0.8229838658936593,0.5680647467311516
2021-W48,1,0.0033057851239669425,-0.3546048870425369,0.9350162426854144,0.0215,-0.6631226582407972,0.7485107481710993
2021-W49,3,0.009917355371900827,-0.23931566428756135,0.9709418174260511,0.0225,-0.46472317204377506,0.8854560256532065
2021-W50,2,0.006611570247933885,-0.12053668025532549,0.9927088740980538,0.0235,-0.2393156642875625,0.9709418174260509
2021-W51,1,0.0033057851239669425,-1.2246467991473533e-15,1.0,0.0245,-2.4492935982947065e-15,1.0
2021-W52,0,0.0,0.12053668025531952,0.9927088740980544,0.0255,0.23931566428755086,0.9709418174260537
2022-W01,0,0.0,0.23931566428755896,0.9709418174260517,0.0265,0.4647231720437707,0.8854560256532088
2022-W02,2,0.006611570247933885,0.3546048870425346,0.9350162426854152,0.0275,0.6631226582407935,0.7485107481711025
2022-W03,1,0.0033057851239669425,0.4647231720437687,0.8854560256532098,0.0285,0.8229838658936566,0.5680647467311556
2022-W04,2,0.006611570247933885,0.568064746731154,0.8229838658936577,0.0295,0.9350162426854133,0.35460488704253973
2022-W05,0,0.0,0.6631226582407944,0.7485107481711017,0.0305,0.9927088740980538,0.120536680255325
2022-W06,0,0.0,0.7485107481711013,0.663122658240795,0.0315,0.992708874098054,-0.12053668025532355
2022-W07,2,0.006611570247933885,0.8229838658936572,0.5680647467311546,0.0325,0.9350162426854138,-0.3546048870425384
2022-W08,1,0.0033057851239669425,0.8854560256532078,0.46472317204377245,0.0335,0.8229838658936615,-0.5680647467311486
2022-W09,1,0.0033057851239669425,0.9350162426854137,0.3546048870425386,0.0345,0.6631226582408,-0.7485107481710969
2022-W10,0,0.0,0.9709418174260516,0.23931566428755968,0.0355,0.464723172043772,-0.885456025653208
2022-W11,8,0.02644628099173554,0.9927088740980539,0.12053668025532378,0.0365,0.23931566428755918,-0.9709418174260517
2022-W12,3,0.009917355371900827,1.0,-4.904777002955296e-16,0.0375,-9.809554005910593e-16,-1.0
2022-W13,2,0.006611570247933885,0.9927088740980538,-0.12053668025532475,0.0385,-0.2393156642875611,-0.9709418174260512
2022-W14,1,0.0033057851239669425,0.9709418174260513,-0.23931566428756063,0.0395,-0.4647231720437738,-0.8854560256532071
2022-W15,1,0.0033057851239669425,0.9350162426854158,-0.3546048870425329,0.0405,-0.6631226582407908,-0.748510748171105
2022-W16,4,0.01322314049586777,0.8854560256532107,-0.464723172043767,0.0415,-0.8229838658936545,-0.5680647467311586
2022-W17,6,0.019834710743801654,0.8229838658936567,-0.5680647467311554,0.0425,-0.9350162426854145,-0.35460488704253657
2022-W18,3,0.009917355371900827,0.7485107481711006,-0.6631226582407957,0.0435,-0.9927088740980542,-0.12053668025532159
2022-W19,1,0.0033057851239669425,0.6631226582407991,-0.7485107481710976,0.0445,-0.9927088740980552,0.12053668025531283
2022-W20,1,0.0033057851239669425,0.568064746731159,-0.8229838658936541,0.0455,-0.9350162426854176,0.3546048870425283
2022-W21,0,0.0,0.46472317204377095,-0.8854560256532087,0.0465,-0.8229838658936595,0.5680647467311514
2022-W22,2,0.006611570247933885,0.354604887042537,-0.9350162426854143,0.0475,-0.6631226582407974,0.7485107481710992
2022-W23,0,0.0,0.23931566428755802,-0.970941817426052,0.0485,-0.464723172043769,0.8854560256532097
2022-W24,1,0.0033057851239669425,0.12053668025532208,-0.9927088740980541,0.0495,-0.23931566428755585,0.9709418174260525
2022-W25,0,0.0,-2.2056021997384123e-15,-1.0,0.0505,4.411204399476825e-15,1.0
2022-W26,1,0.0033057851239669425,-0.12053668025531941,-0.9927088740980544,0.0515,0.23931566428755063,0.9709418174260538
2022-W27,2,0.006611570247933885,-0.23931566428755538,-0.9709418174260526,0.0525,0.46472317204376423,0.8854560256532121
2022-W28,1,0.0033057851239669425,-0.35460488704253446,-0.9350162426854153,0.0535,0.6631226582407934,0.7485107481711027
2022-W29,0,0.0,-0.46472317204376856,-0.8854560256532099,0.0545,0.8229838658936564,0.5680647467311558
2022-W30,0,0.0,-0.5680647467311509,-0.8229838658936597,0.0555,0.9350162426854106,0.3546048870425466
2022-W31,5,0.01652892561983471,-0.6631226582407918,-0.7485107481711042,0.0565,0.9927088740980529,0.12053668025533229
2022-W32,0,0.0,-0.7485107481710989,-0.6631226582407977,0.0575,0.9927088740980549,-0.12053668025531625
2022-W33,1,0.0033057851239669425,-0.8229838658936551,-0.5680647467311576,0.0585,0.9350162426854164,-0.3546048870425315
2022-W34,2,0.006611570247933885,-0.8854560256532095,-0.4647231720437694,0.0595,0.8229838658936575,-0.5680647467311541
2022-W35,1,0.0033057851239669425,-0.9350162426854149,-0.3546048870425354,0.0605,0.6631226582407949,-0.7485107481711014
2022-W36,2,0.006611570247933885,-0.9709418174260523,-0.23931566428755635,0.0615,0.46472317204376595,-0.8854560256532112
2022-W37,1,0.0033057851239669425,-0.9927088740980534,-0.12053668025532743,0.0625,0.23931566428756634,-0.9709418174260499
2022-W38,0,0.0,-1.0,-3.1847006584197066e-15,0.0635,6.369401316839413e-15,-1.0
2022-W39,3,0.009917355371900827,-0.9927088740980542,0.1205366802553211,0.0645,-0.23931566428755396,-0.970941817426053
2022-W40,3,0.009917355371900827,-0.9709418174260522,0.23931566428755705,0.0655,-0.46472317204376723,-0.8854560256532106
2022-W41,2,0.006611570247933885,-0.9350162426854146,0.35460488704253607,0.0665,-0.663122658240796,-0.7485107481711004
2022-W42,0,0.0,-0.8854560256532124,0.4647231720437638,0.0675,-0.8229838658936502,-0.5680647467311647
2022-W43,0,0.0,-0.8229838658936588,0.5680647467311524,0.0685,-0.9350162426854118,-0.3546048870425434
2022-W44,1,0.0033057851239669425,-0.7485107481711031,0.663122658240793,0.0695,-0.9927088740980533,-0.12053668025532889
2022-W45,2,0.006611570247933885,-0.6631226582407965,0.7485107481711,0.0705,-0.9927088740980544,0.12053668025531965
2022-W46,7,0.023140495867768597,-0.5680647467311563,0.8229838658936561,0.0715,-0.9350162426854152,0.35460488704253473
2022-W47,3,0.009917355371900827,-0.4647231720437679,0.8854560256532102,0.0725,-0.8229838658936556,0.568064746731157
2022-W48,3,0.009917355371900827,-0.3546048870425338,0.9350162426854155,0.0735,-0.6631226582407923,0.7485107481711037
2022-W49,2,0.006611570247933885,-0.23931566428756157,0.9709418174260511,0.0745,-0.4647231720437755,0.8854560256532062
2022-W50,0,0.0,-0.12053668025532573,0.9927088740980536,0.0755,-0.239315664287563,0.9709418174260508
2022-W51,0,0.0,-1.4695761589768238e-15,1.0,0.0765,-2.9391523179536475e-15,1.0
2022-W52,0,0.0,0.12053668025532281,0.992708874098054,0.0775,0.2393156642875573,0.9709418174260521
2023-W01,0,0.0,0.23931566428755183,0.9709418174260535,0.0785,0.4647231720437577,0.8854560256532156
2023-W02,0,0.0,0.3546048870425377,0.9350162426854141,0.0795,0.6631226582407985,0.7485107481710982
2023-W03,24,0.07933884297520662,0.46472317204377156,0.8854560256532084,0.0805,0.8229838658936602,0.5680647467311501
2023-W04,8,0.02644628099173554,0.5680647467311538,0.8229838658936578,0.0815,0.9350162426854131,0.35460488704254023
2023-W05,8,0.02644628099173554,0.6631226582407943,0.7485107481711019,0.0825,0.9927088740980538,0.12053668025532549
2023-W06,9,0.029752066115702476,0.7485107481711011,0.6631226582407952,0.0835,0.992708874098054,-0.12053668025532305
2023-W07,9,0.029752066115702476,0.8229838658936571,0.5680647467311548,0.0845,0.935016242685414,-0.3546048870425379
2023-W08,9,0.029752066115702476,0.8854560256532077,0.46472317204377267,0.0855,0.8229838658936617,-0.5680647467311482
2023-W09,18,0.05950413223140495,0.9350162426854136,0.35460488704253884,0.0865,0.6631226582408003,-0.7485107481710965
2023-W10,18,0.05950413223140495,0.9709418174260515,0.2393156642875599,0.0875,0.46472317204377245,-0.8854560256532078
2023-W11,18,0.05950413223140495,0.9927088740980539,0.12053668025532402,0.0885,0.23931566428755968,-0.9709418174260516
2023-W12,45,0.1487603305785124,1.0,6.859879017134943e-15,0.0895,1.3719758034269886e-14,-1.0
2023-W13,45,0.1487603305785124,0.9927088740980546,-0.12053668025531745,0.0905,-0.23931566428754683,-0.9709418174260547
2023-W14,36,0.1190082644628099,0.9709418174260513,-0.23931566428756038,0.0915,-0.46472317204377334,-0.8854560256532074
2023-W15,72,0.2380165289256198,0.9350162426854159,-0.3546048870425326,0.0925,-0.6631226582407904,-0.7485107481711053
2023-W16,24,0.07933884297520662,0.8854560256532108,-0.4647231720437668,0.0935,-0.8229838658936541,-0.568064746731159
2023-W17,30,0.09917355371900827,0.8229838658936608,-0.5680647467311494,0.0945,-0.9350162426854093,-0.3546048870425503
2023-W18,4,0.01322314049586777,0.7485107481711007,-0.6631226582407955,0.0955,-0.9927088740980541,-0.12053668025532208
2023-W19,32,0.10578512396694216,0.663122658240794,-0.7485107481711022,0.0965,-0.9927088740980535,0.12053668025532646
2023-W20,32,0.10578512396694216,0.5680647467311593,-0.822983865893654,0.0975,-0.9350162426854178,0.35460488704252785
2023-W21,12,0.03966942148760331,0.46472317204376484,-0.8854560256532118,0.0985,-0.8229838658936517,0.5680647467311627
2023-W22,1,0.0033057851239669425,0.35460488704253723,-0.9350162426854142,0.0995,-0.6631226582407977,0.7485107481710989
2023-W23,3,0.009917355371900827,0.23931566428755824,-0.9709418174260519,0.1005,-0.4647231720437694,0.8854560256532095
2023-W24,5,0.01652892561983471,0.12053668025532938,-0.9927088740980532,0.1015,-0.23931566428757015,0.970941817426049
2023-W25,3,0.009917355371900827,-1.9606728399089416e-15,-1.0,0.1025,3.921345679817883e-15,1.0
2023-W26,1,0.0033057851239669425,-0.12053668025531916,-0.9927088740980544,0.1035,0.23931566428755016,0.9709418174260539
2023-W27,1,0.0033057851239669425,-0.23931566428755516,-0.9709418174260527,0.1045,0.4647231720437638,0.8854560256532124
2023-W28,0,0.0,-0.35460488704252763,-0.9350162426854178,0.1055,0.6631226582407823,0.7485107481711125
2023-W29,1,0.0033057851239669425,-0.46472317204376834,-0.88545602565321,0.1065,0.8229838658936561,0.5680647467311563
2023-W30,0,0.0,-0.5680647467311566,-0.8229838658936558,0.1075,0.9350162426854155,0.3546048870425338
2023-W31,1,0.0033057851239669425,-0.6631226582407915,-0.7485107481711043,0.1085,0.9927088740980529,0.12053668025533278
2023-W32,3,0.009917355371900827,-0.7485107481711034,-0.6631226582407926,0.1095,0.9927088740980532,-0.12053668025532986
2023-W33,1,0.0033057851239669425,-0.822983865893655,-0.5680647467311578,0.1105,0.9350162426854166,-0.35460488704253107
2023-W34,2,0.006611570247933885,-0.8854560256532094,-0.4647231720437696,0.1115,0.8229838658936578,-0.5680647467311538
2023-W35,5,0.01652892561983471,-0.9350162426854123,-0.3546048870425423,0.1125,0.6631226582408059,-0.7485107481710916
2023-W36,1,0.0033057851239669425,-0.9709418174260523,-0.23931566428755657,0.1135,0.4647231720437664,-0.885456025653211
2023-W37,2,0.006611570247933885,-0.9927088740980534,-0.12053668025532767,0.1145,0.23931566428756681,-0.9709418174260498
2023-W38,2,0.006611570247933885,-1.0,-3.4296300182491773e-15,0.1155,6.859260036498355e-15,-1.0
2023-W39,2,0.006611570247933885,-0.9927088740980551,0.1205366802553138,0.1165,-0.2393156642875397,-0.9709418174260565
2023-W40,2,0.006611570247933885,-0.9709418174260522,0.23931566428755682,0.1175,-0.4647231720437668,-0.8854560256532108
2023-W41,0,0.0,-0.9350162426854147,0.35460488704253584,0.1185,-0.6631226582407955,-0.7485107481711007
2023-W42,1,0.0033057851239669425,-0.8854560256532125,0.46472317204376357,0.1195,-0.82298386589365,-0.568064746731165
2023-W43,4,0.01322314049586777,-0.8229838658936549,0.568064746731158,0.1205,-0.9350162426854167,-0.35460488704253057
2023-W44,0,0.0,-0.7485107481711032,0.6631226582407929,0.1215,-0.9927088740980532,-0.12053668025532938
2023-W45,3,0.009917355371900827,-0.6631226582407966,0.7485107481710997,0.1225,-0.9927088740980544,0.12053668025531916
2023-W46,1,0.0033057851239669425,-0.5680647467311623,0.8229838658936519,0.1235,-0.9350162426854204,0.35460488704252097
2023-W47,3,0.009917355371900827,-0.4647231720437681,0.8854560256532101,0.1245,-0.8229838658936558,0.5680647467311566
2023-W48,1,0.0033057851239669425,-0.3546048870425407,0.935016242685413,0.1255,-0.6631226582408033,0.748510748171094
2023-W49,1,0.0033057851239669425,-0.23931566428756182,0.970941817426051,0.1265,-0.46472317204377595,0.885456025653206
2023-W50,1,0.0033057851239669425,-0.12053668025531891,0.9927088740980545,0.1275,-0.2393156642875497,0.970941817426054
2023-W51,0,0.0,-1.7145055188062944e-15,1.0,0.1285,-3.429011037612589e-15,1.0
2023-W52,1,0.0033057851239669425,0.12053668025532256,0.9927088740980541,0.1295,0.23931566428755682,0.9709418174260522
2024-W01,0,0.0,0.23931566428755158,0.9709418174260536,0.1305,0.46472317204375724,0.8854560256532158
2024-W02,4,0.01322314049586777,0.35460488704253745,0.9350162426854142,0.1315,0.6631226582407982,0.7485107481710985
2024-W03,2,0.006611570247933885,0.46472317204376506,0.8854560256532117,0.1325,0.8229838658936519,0.5680647467311623
2024-W04,0,0.0,0.5680647467311536,0.8229838658936579,0.1335,0.935016242685413,0.3546048870425407
2024-W05,1,0.0033057851239669425,0.6631226582407941,0.7485107481711021,0.1345,0.9927088740980536,0.12053668025532598
2024-W06,1,0.0033057851239669425,0.748510748171101,0.6631226582407954,0.1355,0.9927088740980541,-0.12053668025532256
2024-W07,0,0.0,0.8229838658936529,0.5680647467311608,0.1365,0.9350162426854192,-0.3546048870425242
2024-W08,0,0.0,0.8854560256532076,0.4647231720437729,0.1375,0.822983865893662,-0.5680647467311477
2024-W09,3,0.009917355371900827,0.935016242685416,0.3546048870425324,0.1385,0.6631226582407901,-0.7485107481711056
2024-W10,0,0.0,0.9709418174260515,0.23931566428756015,0.1395,0.4647231720437729,-0.8854560256532076
2024-W11,1,0.0033057851239669425,0.9927088740980539,0.12053668025532427,0.1405,0.23931566428756015,-0.9709418174260515
2024-W12,0,0.0,1.0,-6.189806365883577e-19,0.1415,-1.2379612731767154e-18,-1.0
2024-W13,0,0.0,0.9927088740980539,-0.12053668025532427,0.1425,-0.23931566428756015,-0.9709418174260515
2024-W14,1,0.0033057851239669425,0.9709418174260531,-0.23931566428755324,0.1435,-0.4647231720437603,-0.8854560256532142
2024-W15,2,0.006611570247933885,0.935016242685416,-0.3546048870425324,0.1445,-0.6631226582407901,-0.7485107481711056
2024-W16,0,0.0,0.8854560256532109,-0.4647231720437666,0.1455,-0.8229838658936539,-0.5680647467311595
2024-W17,3,0.009917355371900827,0.8229838658936569,-0.568064746731155,0.1465,-0.9350162426854142,-0.35460488704253745
2024-W18,1,0.0033057851239669425,0.7485107481711056,-0.6631226582407901,0.1475,-0.9927088740980523,-0.12053668025533668
2024-W19,2,0.006611570247933885,0.6631226582407941,-0.7485107481711021,0.1485,-0.9927088740980536,0.12053668025532598
2024-W20,0,0.0,0.5680647467311536,-0.8229838658936579,0.1495,-0.935016242685413,0.3546048870425407
2024-W21,0,0.0,0.4647231720437714,-0.8854560256532085,0.1505,-0.82298386589366,0.5680647467311506
2024-W22,0,0.0,0.35460488704253745,-0.9350162426854142,0.1515,-0.6631226582407982,0.7485107481710985
2024-W23,2,0.006611570247933885,0.2393156642875585,-0.9709418174260519,0.1525,-0.46472317204376984,0.8854560256532092
2024-W24,1,0.0033057851239669425,0.12053668025532256,-0.9927088740980541,0.1535,-0.23931566428755682,0.9709418174260522
2024-W25,0,0.0,5.3896838775215305e-15,-1.0,0.1545,-1.0779367755043061e-14,1.0
2024-W26,0,0.0,-0.12053668025532598,-0.9927088740980536,0.1555,0.23931566428756348,0.9709418174260506
2024-W27,0,0.0,-0.2393156642875549,-0.9709418174260527,0.1565,0.46472317204376334,0.8854560256532126
2024-W28,0,0.0,-0.354604887042534,-0.9350162426854154,0.1575,0.6631226582407926,0.7485107481711034
2024-W29,1,0.0033057851239669425,-0.46472317204376185,-0.8854560256532135,0.1585,0.8229838658936478,0.5680647467311684
2024-W30,3,0.009917355371900827,-0.5680647467311564,-0.822983865893656,0.1595,0.9350162426854154,0.35460488704253423
2024-W31,1,0.0033057851239669425,-0.6631226582407966,-0.7485107481710997,0.1605,0.9927088740980544,0.12053668025531916
2024-W32,0,0.0,-0.7485107481710985,-0.6631226582407982,0.1615,0.992708874098055,-0.12053668025531528
2024-W33,2,0.006611570247933885,-0.8229838658936589,-0.5680647467311521,0.1625,0.9350162426854117,-0.3546048870425439
2024-W34,2,0.006611570247933885,-0.8854560256532092,-0.46472317204376984,0.1635,0.822983865893658,-0.5680647467311534
2024-W35,1,0.0033057851239669425,-0.9350162426854147,-0.35460488704253584,0.1645,0.6631226582407955,-0.7485107481711007
2024-W36,8,0.02644628099173554,-0.9709418174260506,-0.2393156642875637,0.1655,0.4647231720437794,-0.8854560256532042
2024-W37,2,0.006611570247933885,-0.9927088740980543,-0.12053668025532087,0.1665,0.2393156642875535,-0.9709418174260531
2024-W38,6,0.019834710743801654,-1.0,-3.674559378078648e-15,0.1675,7.349118756157295e-15,-1.0
2024-W39,11,0.03636363636363636,-0.9927088740980543,0.12053668025532062,0.1685,-0.23931566428755302,-0.9709418174260532
2024-W40,3,0.009917355371900827,-0.970941817426054,0.2393156642875497,0.1695,-0.4647231720437538,-0.8854560256532177
2024-W41,3,0.009917355371900827,-0.9350162426854148,0.3546048870425356,0.1705,-0.6631226582407952,-0.7485107481711011
2024-W42,2,0.006611570247933885,-0.8854560256532094,0.4647231720437696,0.1715,-0.8229838658936578,-0.5680647467311538
2024-W43,1,0.0033057851239669425,-0.822983865893659,0.5680647467311519,0.1725,-0.9350162426854115,-0.35460488704254434
2024-W44,1,0.0033057851239669425,-0.7485107481710986,0.663122658240798,0.1735,-0.9927088740980549,-0.12053668025531576
2024-W45,1,0.0033057851239669425,-0.6631226582407969,0.7485107481710996,0.1745,-0.9927088740980545,0.12053668025531868
2024-W46,2,0.006611570247933885,-0.5680647467311566,0.8229838658936558,0.1755,-0.9350162426854155,0.3546048870425338
2024-W47,3,0.009917355371900827,-0.4647231720437746,0.8854560256532067,0.1765,-0.8229838658936642,0.5680647467311445
2024-W48,0,0.0,-0.35460488704253423,0.9350162426854154,0.1775,-0.663122658240793,0.7485107481711031
2024-W49,1,0.0033057851239669425,-0.23931566428756204,0.970941817426051,0.1785,-0.46472317204377633,0.8854560256532058
2024-W50,3,0.009917355371900827,-0.12053668025532621,0.9927088740980536,0.1795,-0.23931566428756396,0.9709418174260505
2024-W51,1,0.0033057851239669425,5.145992478965237e-15,1.0,0.1805,1.0291984957930474e-14,1.0
2024-W52,0,0.0,0.12053668025532233,0.9927088740980541,0.1815,0.23931566428755635,0.9709418174260523
2025-W01,0,0.0,0.23931566428755824,0.9709418174260519,0.1825,0.4647231720437694,0.8854560256532095
2025-W02,4,0.01322314049586777,0.35460488704253057,0.9350162426854167,0.1835,0.6631226582407871,0.7485107481711083
2025-W03,0,0.0,0.46472317204377117,0.8854560256532086,0.1845,0.8229838658936597,0.5680647467311509
2025-W04,2,0.006611570247933885,0.5680647467311534,0.822983865893658,0.1855,0.9350162426854127,0.3546048870425411
2025-W05,2,0.006611570247933885,0.663122658240794,0.7485107481711022,0.1865,0.9927088740980535,0.12053668025532646
2025-W06,0,0.0,0.7485107481710961,0.6631226582408009,0.1875,0.9927088740980559,-0.12053668025530798
2025-W07,0,0.0,0.8229838658936568,0.5680647467311551,0.1885,0.9350162426854143,-0.354604887042537
2025-W08,2,0.006611570247933885,0.8854560256532075,0.4647231720437731,0.1895,0.8229838658936622,-0.5680647467311474
2025-W09,0,0.0,0.9350162426854134,0.3546048870425393,0.1905,0.6631226582408011,-0.7485107481710959
2025-W10,0,0.0,0.9709418174260531,0.2393156642875535,0.1915,0.46472317204376073,-0.885456025653214
2025-W11,1,0.0033057851239669425,0.9927088740980539,0.12053668025532452,0.1925,0.23931566428756063,-0.9709418174260513
2025-W12,1,0.0033057851239669425,1.0,2.443103791928823e-16,0.1935,4.886207583857646e-16,-1.0
2025-W13,1,0.0033057851239669425,0.9927088740980547,-0.12053668025531697,0.1945,-0.2393156642875459,-0.970941817426055
2025-W14,2,0.006611570247933885,0.9709418174260515,-0.2393156642875599,0.1955,-0.46472317204377245,-0.8854560256532078
2025-W15,0,0.0,0.9350162426854162,-0.3546048870425322,0.1965,-0.6631226582407898,-0.748510748171106
2025-W16,0,0.0,0.885456025653211,-0.4647231720437664,0.1975,-0.8229838658936536,-0.5680647467311598
2025-W17,3,0.009917355371900827,0.8229838658936611,-0.5680647467311489,0.1985,-0.935016242685409,-0.3546048870425512
2025-W18,5,0.01652892561983471,0.7485107481711011,-0.6631226582407952,0.1995,-0.992708874098054,-0.12053668025532305
2025-W19,6,0.019834710743801654,0.6631226582407996,-0.7485107481710972,0.2005,-0.9927088740980554,0.12053668025531138
2025-W20,4,0.01322314049586777,0.5680647467311596,-0.8229838658936538,0.2015,-0.9350162426854182,0.3546048870425269
2025-W21,6,0.019834710743801654,0.4647231720437653,-0.8854560256532116,0.2025,-0.8229838658936522,0.5680647467311618
2025-W22,3,0.009917355371900827,0.3546048870425377,-0.9350162426854141,0.2035,-0.6631226582407985,0.7485107481710982
2025-W23,5,0.01652892561983471,0.2393156642875587,-0.9709418174260518,0.2045,-0.4647231720437703,0.885456025653209
2025-W24,0,0.0,0.12053668025532986,-0.9927088740980532,0.2055,-0.2393156642875711,0.9709418174260488
2025-W25,1,0.0033057851239669425,-1.4708141202500005e-15,-1.0,0.2065,2.941628240500001e-15,1.0
2025-W26,2,0.006611570247933885,-0.12053668025531868,-0.9927088740980545,0.2075,0.23931566428754922,0.9709418174260541
2025-W27,1,0.0033057851239669425,-0.23931566428755469,-0.9709418174260528,0.2085,0.4647231720437629,0.8854560256532129
2025-W28,0,0.0,-0.3546048870425338,-0.9350162426854155,0.2095,0.6631226582407923,0.7485107481711037
2025-W29,2,0.006611570247933885,-0.4647231720437679,-0.8854560256532102,0.2105,0.8229838658936556,0.568064746731157
2025-W30,2,0.006611570247933885,-0.5680647467311504,-0.8229838658936601,0.2115,0.9350162426854102,0.354604887042548
2025-W31,1,0.0033057851239669425,-0.6631226582407912,-0.7485107481711046,0.2125,0.9927088740980526,0.12053668025533375
2025-W32,0,0.0,-0.7485107481711031,-0.663122658240793,0.2135,0.9927088740980533,-0.12053668025532889
2025-W33,0,0.0,-0.8229838658936547,-0.5680647467311583,0.2145,0.9350162426854169,-0.3546048870425301
2025-W34,0,0.0,-0.8854560256532091,-0.46472317204377006,0.2155,0.8229838658936584,-0.568064746731153
2025-W35,0,0.0,-0.9350162426854146,-0.35460488704253607,0.2165,0.663122658240796,-0.7485107481711004
2025-W36,0,0.0,-0.9709418174260522,-0.23931566428755705,0.2175,0.46472317204376723,-0.8854560256532106
2025-W37,0,0.0,-0.9927088740980534,-0.12053668025532815,0.2185,0.23931566428756776,-0.9709418174260496
2025-W38,0,0.0,-1.0,-3.919488737908119e-15,0.2195,7.838977475816237e-15,-1.0
2025-W39,0,0.0,-0.9927088740980543,0.12053668025532038,0.2205,-0.23931566428755255,-0.9709418174260533
2025-W40,0,0.0,-0.9709418174260523,0.23931566428755635,0.2215,-0.46472317204376595,-0.8854560256532112
2025-W41,0,0.0,-0.9350162426854174,0.35460488704252874,0.2225,-0.6631226582407842,-0.7485107481711109
2025-W42,0,0.0,-0.8854560256532095,0.4647231720437694,0.2235,-0.8229838658936575,-0.5680647467311541
2025-W43,0,0.0,-0.8229838658936551,0.5680647467311576,0.2245,-0.9350162426854164,-0.3546048870425315
2025-W44,0,0.0,-0.7485107481711035,0.6631226582407924,0.2255,-0.9927088740980531,-0.12053668025533035
2025-W45,0,0.0,-0.6631226582407971,0.7485107481710995,0.2265,-0.9927088740980545,0.12053668025531819
2025-W46,0,0.0,-0.5680647467311568,0.8229838658936557,0.2275,-0.9350162426854157,0.35460488704253335
2025-W47,4,0.01322314049586777,-0.46472317204376856,0.8854560256532099,0.2285,-0.8229838658936564,0.5680647467311558
2025-W48,3,0.009917355371900827,-0.3546048870425411,0.9350162426854127,0.2295,-0.663122658240804,0.7485107481710933
2025-W49,2,0.006611570247933885,-0.23931566428755538,0.9709418174260526,0.2305,-0.46472317204376423,0.8854560256532121
2025-W50,0,0.0,-0.12053668025532646,0.9927088740980535,0.2315,-0.23931566428756443,0.9709418174260503
2025-W51,2,0.006611570247933885,-2.204364238465236e-15,1.0,0.2325,-4.408728476930472e-15,1.0
2025-W52,0,0.0,0.12053668025531503,0.992708874098055,0.2335,0.23931566428754206,0.9709418174260559
2025-W53,0,0.0,0.23931566428755802,0.970941817426052,0.2345,0.464723172043769,0.8854560256532097
